기사 제목,언론사
"지속가능성과 함께 더 좋은 잠을"…호주 가구기업 코알라의 제안,한국경제
가구업계 "이색적 공간 특별한 경험 마케팅 집중",아시아경제
비트코인 반등했다지만…'우크라 쇼크' 끝나지 않았다 [한경 코알라],한국경제언론사 선정
멸종 위기에 내몰린 코알라의 눈물,EBS
러시아 정부 "코인 투자하려면 시험 봐라" [한경 코알라],한국경제
'호주의 상징' 코알라 멸종위기종 지정…산불·서식지 파괴 탓,뉴스1
슈퍼볼과 올림픽을 통해 바라본 암호화폐의 미래 [한경 코알라],한국경제
이더리움 만든 비탈릭 부테린 "크립토 윈터 환영할 일" [한경 코알라],한국경제
고팍스도 은행 뚫었다…암호화폐 '5대 거래소' 체제로 [한경 코알라],한국경제
[Pick] "2050년에 사라질 수도"…호주 코알라 멸종위기종 지정,SBS
모건스탠리가 평가한 이더리움의 한계는 [한경 코알라],한국경제
이 그림 300억…크립토펑크 #5822 사상 최고가 [한경 코알라],한국경제
코알라 HS88 주최 KBCC 참여…신규가입·굿즈증정 이벤트 진행,조세일보
호주 코알라 보호에 423억원 투입...역대 최대 규모,파이낸셜뉴스언론사 선정
밤새 5000만원 깨진 비트코인…반등 추세 무너졌다 [한경 코알라],한국경제
김혜수 절친 이정은 등에 업힌 코알라…이렇게 귀엽기 있나요,엑스포츠뉴스
비트코인 선물 ETF 장투하면 손해보는 이유 [한경 코알라],한국경제
비트코인은 싸움에서 이기는 전략이다 [한경 코알라],한국경제
[현장톡톡] 침대에서 찾는 '삶의 여유'…"브랜드를 팝니다",MTN
코로나19: 호주 21일부터 해외 관광객 입국 허용... 2년 만에 국경 개방,BBC
"비트코인 거래량 아멕스카드 추월" [한경 코알라],한국경제
반등하나 싶더니 다시 털썩…비트코인 2월엔 어떻게 될까 [한경 코알라],한국경제언론사 선정
인도 코인에 30% 세금…암호화폐 금지 대신 합법화 [한경 코알라],한국경제언론사 선정
리플 20% 급등…"또 속긴 싫어요" [한경 코알라],한국경제
이준석 “민주당 ‘가상 노무현’ 활용 급해도 금도가 있다”,국민일보언론사 선정
HS88 주최 '제1회 대한민국 블록체인 컨퍼런스' 성료,데이터넷
비트코인 채굴기업 ETF 상장…서학개미 투자해도 괜찮을까 [한경 코알라],한국경제
비트코인 오를까 내릴까…이번 주말 가격이 관건 [한경 코알라],한국경제
CBDC 나오면 비트코인 더 필요해진다 [한경 코알라],한국경제
사장님의 제안 "자네 비트코인으로 월급 받을 생각 있나?" [한경 코알라],한국경제
온·오프라인 공략하는 리빙·베이비페어…"봄 소비 잡겠다",MTN
워터파크인 줄…베이징 선수촌 누수 논란｜AI가 Pick한 세상,JTBC
HS88 제1회 대한민국 블록체인 컨퍼런스(KBCC) 성료,아이티비즈
[톡톡 지구촌] 호주 코알라 멸종위기종 지정…“이대로면 2050년 사라져”,KBS
한국인 접속만 막으면 게임용 NFT는 합법? 아닐 수 있다 [한경 코알라],한국경제
코인 현물거래 급감…파생상품 점유율 '역대 최고' [한경 코알라],한국경제
김은영 "보조개 한 쪽만 들어가 수술 NO…팬들이 코알라 닮았다고",엑스포츠뉴스
"이재명 지지" 노무현 전 대통령 영상 지워졌지만..비난 여론 갈수록 더 커져,파이낸셜뉴스언론사 선정
코알라 인류 생존·생물다양성 위해 소비자와 '2인 3각',아시아경제
코알라 매트리스 오후 8시 오퀴즈 정답 업데이트,제주교통복지신문
이준석 “與 ‘노무현 사칭 성대모사 사건’…우린 상상도 못할 기획”,헤럴드경제언론사 선정
日 '기네스북 최고령' 코알라 25번째 생일 맞아 인간 수명으로 120살 넘어,한국면세뉴스
수십마리 코알라 학살범 호주서 법정에 선다,뉴스1
인간이 미안해…불도저로 ‘코알라 학살’한 호주 농장주,서울신문
‘호주의 상징’ 코알라 2050년 멸종위기...성병·산불·환경파괴 등 때문,세계일보
기후변화에 터전 잃고 '성병' 퍼져 불임까지…코알라의 비극,미주중앙일보
기후변화에 터전 잃고 '성병' 퍼져 불임까지…코알라의 비극,연합뉴스언론사 선정
"인간이 미안해"…'호주 가구' 코알라 "생물 보호는 인류 생존과 직결",매일경제
코알라 이사철 맞이 '새 집 꾸미기 세일' 진행,아시아경제
호주 환경부 "코알라 멸종위기종 등급 상향 적극 검토 중",뉴스펭귄
3개월째 이어지는 비트코인 조정 언제쯤 끝날까 [한경 코알라],한국경제언론사 선정
"같이 좀 지나갈게요~" 코알라 로드킬 예방 위해 AI 도입,뉴스펭귄
비트코인 투자 멀리 봐야 하는 6가지 근거 [한경 코알라],한국경제언론사 선정
정부의 벽은 높았다…'페북 코인' 무산 위기 [한경 코알라],한국경제언론사 선정
암호화폐 투자 뉴스레터 "한경 코알라" 새단장,한국경제
왜 주식과 비트코인은 함께 떨어질까 [한경 코알라],한국경제언론사 선정
'스캠 코인' 평균 수명 갈수록 짧아지는 이유 [한경 코알라],한국경제
암호화폐 투자상품 6주 만에 자금 순유입 [한경 코알라],한국경제언론사 선정
코알라 SSG닷컴 내 신세계몰 입점 기념 대규모 프로모션 선봬,스타뉴스
"비트코인 이번 조정 현 반감기 두 번째로 깊어" [한경 코알라],한국경제언론사 선정
"양주 먹고 코알라가 무슨 뜻?"…삭제된 양주시 홍보영상 논란,뉴스1
'채굴 3위' 러시아 중앙은행 암호화폐 금지 제안 [한경 코알라],한국경제언론사 선정
배당을 비트코인으로 주는 최초의 상장사 [한경 코알라],한국경제
비트코인 도미넌스 더 떨어져도 1등은 바뀌지 않는다 [한경 코알라],한국경제언론사 선정
업비트 가는 이재명 vs 코인정책 내놓는 윤석열 [한경 코알라],한국경제언론사 선정
코인 결제 31%는 '명품 플렉스' [한경 코알라],한국경제
갈수록 증시 따라 움직이는 비트코인 [한경 코알라],한국경제
비트코인 조정 안 끝났다…'페이크 반등' 또 올 수도 [한경 코알라],한국경제
북한 지난해 암호화폐 4억弗 해킹…절반은 이더리움 [한경 코알라],한국경제언론사 선정
비트코인은 강하다 제롬 파월이 가격을 결정하지 않는다 [한경 코알라],한국경제
코알라 호주 소비자 만족도 평가 매트리스·베개 부문 1위 달성,스타뉴스
잭 도시 비트코인 개발자 보호기금 만든다 [한경 코알라],한국경제
신문사가 '가상자산 지수' 만든 이유 [한경 코알라],한국경제
바이낸스 창업자 재산 코인 빼고도 115조원 [한경 코알라],한국경제언론사 선정
'카자흐 사태' 유탄 맞은 비트코인 해시레이트 현재 상황은? [한경 코알라],한국경제언론사 선정
코알라 '연말 빅세일'…최고 40% 할인,아시아경제
[월드 레이어 뉴스] 호주 산불 시즌 대비 '코알라를 지켜라',OBS
계속 떨어지는 비트코인…'시즌 종료'인가 '개미털기'인가 [한경 코알라],한국경제
개발자 빨아들이는 이더리움·솔라나…가격 상승 이어지나 [한경 코알라],한국경제
암호화폐 금지국은 몇 개일까 [한경 코알라],한국경제
코인값 예측하는 '차트 분석' 믿어야 할까 말아야 할까 [한경 코알라],한국경제
트럼프는 사기랬는데…멜라니아 비트코인 지지자 됐나 [한경 코알라],한국경제언론사 선정
[지구촌 Talk] 숟가락으로 음식 먹는 코알라 화제,KBS
비트코인아 13번째 생일 축하해! [한경 코알라],한국경제언론사 선정
NFT 관련 가상자산 지금 투자해도 될까? [한경 코알라],한국경제
HS88 가상자산 플랫폼 ‘코알라’ 서비스 출시,세계비즈
비싸도 갖고 싶은…'럭셔리 브랜드'는 암호화폐에도 있다 [한경 코알라],한국경제
HS88 가상자산 정보 데이터 기반 '코알라' 커뮤니티 선보여,아이티비즈
[브랜드이슈] 헬스케어 '휴켐플러스' 특허출원 국내제작 코알라무선안마기 출...,시선뉴스
[엠빅뉴스] [엠빅네이처] 이 세균은 왜 코알라를 멸종의 위기로 몰아넣고 있나...,MBC언론사 선정
"NFT는 일반적으로 가상자산 아니다"는 금융위의 입장 무슨 의미일까? [한경...,한국경제
비트코인을 탐탁지 않아 하는 부모님을 설득하는 법 [한경 코알라],한국경제언론사 선정
"이더리움이 비트코인 넘어서는 일은 없을 것" [한경 코알라],한국경제언론사 선정
코알라 대신 이 색깔과 무늬…내가 몰랐던 ‘호주’의 재발견,서울신문
[위클리中企]코알라·밀워키·코멕스산업·스튜디오미콘,아시아경제
2021년 뜨거웠던 암호화폐 이슈 되짚어보기 [한경 코알라],한국경제
'최대 30% 할인' 코알라 세일 페스타…120일 체험 적용,뉴시스
비트코인 1억 간다더니…플랜비 예상 틀린 이유 [한경 코알라],한국경제언론사 선정
코알라 다용도 '쿠쉬 소파베드 스툴' 출시,아시아경제
'웹 3.0'을 대하는 잭 도시와 마크 저커버그의 차이 [한경 코알라],한국경제
