검색어,기사 제목,기사요약
코알라,"꿀잠 잤을 뿐인데 세상을 구했네요"..살만해진 코알라 리빙 가치소비에 살맛나요,서울리빙디자인페어에 참가한 코알라 [사진출처 = 코알라] 리빙(Living) 분야에서 더 나은 미래를 향한 '가치소비' 바람이 불고 있다. 단순히 좋은 제품을 사는 수준에 머물지 않고 더 낳은 환경과 지속가능한 미래에도 기여했다는 뿌듯함을 선사하는 제품들이 주목...
코알라,"지속가능성과 함께 더 좋은 잠을"..호주 가구기업 코알라의 제안,2022 서울리빙디자인페어 코알라 부스. 사진=코알라 호주 모던 라이프스타일 가구 브랜드 '코알라(Koala)'가 24일 브랜드 근간으로 삼은 지속가능성과 지구 보호 철학에 대해 ‘2022 서울리빙디자인페어'에서 밝혔다. 2015년 호주 시드니에서 시작한 코알라는 일본을...
코알라,멸종 위기에 내몰린 코알라의 눈물,[EBS 뉴스G] 뉴스G 순서입니다. 호주를 상징하는 동물 코알라가 개체수가 급격히 감소하면서 멸종위기종으로 지정됐습니다. 기후변화로 인한 산불과 가뭄 그리고 서식지 파괴가 원인입니다. 영상으로 만나보시죠. [리포트] 호주 정부는 코알라의 주 서식지인 동부...
코알라,비트코인 반등했다지만..'우크라 쇼크' 끝나지 않았다 [한경 코알라],명분으로 자국군에 이 지역 진입을 명령했다. 2022.2.23 [사진=AFP 연합뉴스] 2월 25일 한국경제신문의 암호화폐 투자 뉴스레터 '코알라'에 실린 기사입니다. 주 5회 매일 아침 발행하는 코알라를 받아보세요!무료 구독신청 hankyung.com/newsletter 전쟁 위기로...
코알라,'호주 상징' 코알라 멸종위기종 지정.."이대로면 2050년 사라져",2016년 교통사고로 장애가 생긴 코알라 [AFP 연합뉴스 자료사진 재판매 및 DB 금지] (서울=연합뉴스) 차병섭 기자 = 호주를 상징하는 동물 코알라의 개체수가 최근 20년간 급격히 감소한 끝에 멸종 위기종으로 공식 지정됐다. 11일 AFP 통신에 따르면 수잔 레이 호주...
코알라,홈 퍼니처 기업 코알라 서울리빙디자인페어 참가,호주 홈퍼니처 기업 코알라는 오는 23일부터 27일까지 서울 삼성동 코엑스에서 진행되는 ‘2022 서울리빙디자인페어’에 참가한다고 15일 밝혔다. 사진=코알라 호주 홈퍼니처 기업 코알라는 오는 23일부터 27일까지 서울 삼성동 코엑스에서 열리는 ‘2022 서울리빙...
코알라,러시아 정부 "코인 투자하려면 시험 봐라" [한경 코알라],in the Kremlin in Moscow Russia Tuesday Feb. 15 2022. AP연합뉴스 2월 23일 한국경제신문의 암호화폐 투자 뉴스레터 '코알라'에 실린 기사입니다. 주 5회 매일 아침 발행하는 코알라를 받아보세요!무료 구독신청 hankyung.com/newsletter 이 와중에 러시아...
코알라,슈퍼볼과 올림픽을 통해 바라본 암호화폐의 미래 [한경 코알라],2월 23일 한국경제신문의 암호화폐 투자 뉴스레터 '코알라'에 실린 기사입니다. 주 5회 매일 아침 발행하는 코알라를 받아보세요!무료 구독신청 hankyung.com/newsletter 최초로 ‘크립토 볼’이 열린 미국 전 세계가 동계올림픽 응원으로 하나 되던 지난 2월 14일...
코알라,[영상] 산불·질병에 시달린 코알라 결국 멸종위기종 지정 [나우어스],2019~2020년 호주를 덮쳤던 최악의 산불 당시 코알라 한 마리가 구조된 모습. [유튜브 'The Sun' 채널 캡처] [헤럴드경제=신동윤 기자] 호주의 상징으로 불리는 코알라가 호주 정부에 의해 공식적으로 멸종위기종 목록에 이름이 올랐다. 10일(현지시간) 영국 BBC...
코알라,'호주 마스코트' 코알라 멸종위기종 지정.. 산불·감염병 등 원인,최근 20년간 코알라 개체수가 급격히 감소한 호주에서 코알라를 멸종위기종으로 지정했다. 11일 AFP 통신 등 외신에 따르면 수잔 레이 호주 환경부 장관은 뉴사우스웨일스와 준주 퀸즐랜드 등 동부 연안 3개 지역에서 코알라 보호를 강화하기 위해 이같이 조치했다...
코알라,이더리움 만든 비탈릭 부테린 "크립토 윈터 환영할 일" [한경 코알라],speaks at ETHDenver on February 18 2022 in Denver Colorado. AFP연합뉴스 2월 21일 한국경제신문의 암호화폐 투자 뉴스레터 '코알라'에 실린 기사입니다. 주 5회 매일 아침 발행하는 코알라를 받아보세요!무료 구독신청 hankyung.com/newsletter 미국 덴버에서...
코알라,밤새 5000만원 깨진 비트코인..반등 추세 무너졌다 [한경 코알라],사진=REUTERS 2월 18일 한국경제신문의 암호화폐 투자 뉴스레터 '코알라'에 실린 기사입니다. 주 5회 매일 아침 발행하는 코알라를 받아보세요!무료 구독신청 hankyung.com/newsletter 다시 4만 달러로 밀린 비트코인 다음 주 향방은 비트코인이 4만4000달러대에서...
코알라,호주 라이프스타일을 담은 코알라 자연을 닮은 침구 선보여 [서울리빙디자인페어],호주 홈퍼니처기업 코알라(Koala)가 오는 23일부터 27일까지 서울 삼성동 코엑스에서 진행되는 ‘2022 서울리빙디자인페어’에 참여합니다. 코알라는 ‘2022 서울리빙디자인페어’ 참여를 통해 ‘여유로운 삶’을 위한 호주식 라이프스타일을 제안하고 자연과 공존...
코알라,비트코인은 싸움에서 이기는 전략이다 [한경 코알라],2월 16일 한국경제신문의 암호화폐 투자 뉴스레터 '코알라'에 실린 기사입니다. 주 5회 매일 아침 발행하는 코알라를 받아보세요!무료 구독신청 hankyung.com/newsletter 혁신 기술의 양면성 세상에는 아직 비트코인을 범죄에 악용되는 사이버머니 정도로 치부하는...
코알라,야생동물: 호주 코알라 멸종위기종으로 지정,코알라의 개체수가 급격히 감소하면서 11일(현지시간) 호주의 동부 해안 대부분 지역에서 코알라가 멸종위기종으로 지정됐다. 한때 번성했던 코알라는 농경지 개간 산불 가뭄 질병 등으로 멸종 위기에 내몰리고 있다. 이에따라 호주 연방정부는 퀸즐랜드 뉴...
코알라,한국인 접속만 막으면 게임용 NFT는 합법? 아닐 수 있다 [한경 코알라],2월 10일 한국경제신문의 암호화폐 투자 뉴스레터 '코알라'에 실린 기사입니다. 주 5회 매일 아침 발행하는 코알라를 받아보세요!무료 구독신청 hankyung.com/newsletter 게임용 NFT에는 어떤 규제가 적용될까 NFT(대체불가능토큰) 시장에서 가장 ‘핫’한 시장 중...
코알라,코알라 HS88 주최 KBCC 참여…신규가입·굿즈증정 이벤트 진행,HS88의 자회사 코알라가 지난 15일 HS88이 주최한 대한민국 블록체인 컨퍼런스(KBCC)에 참여했다고 18일 밝혔다. 이번 행사에서 코알라는 최대 1BTC을 주는 신규 회원가입 이벤트와 코알라 굿즈를 증정하는 이벤트를 진행했다. 코알라 관계자는 "이번 이벤트뿐...
코알라,호주정부 코알라 보호·복원에 역대급 425억원 투자-CNN,기사내용 요약 모리슨총리 앞으로 4년간 장기보호 정책 발표 호주 상징동물 코알라 2018년이후 산불등으로 30% 몰사 [애들레이드( 호주)= AP/뉴시스] 지난 해 2월 호주 남부의 애들레이드시에서 한 주민의 차량에 들어가 있는 호주 코알라. 이 코알라는 6차선...
코알라,모건스탠리가 평가한 이더리움의 한계는 [한경 코알라],Morgan Stanley 2월 17일 한국경제신문의 암호화폐 투자 뉴스레터 '코알라'에 실린 기사입니다. 주 5회 매일 아침 발행하는 코알라를 받아보세요!무료 구독신청 hankyung.com/newsletter "이더리움은 비트코인보다 변동성이 크고 경쟁자가 많고 확장성과 복잡성...
코알라,이 그림 300억..크립토펑크 #5822 사상 최고가 [한경 코알라],CryptoPunk 2월 15일 한국경제신문의 암호화폐 투자 뉴스레터 '코알라'에 실린 기사입니다. 주 5회 매일 아침 발행하는 코알라를 받아보세요!무료 구독신청 hankyung.com/newsletter 크립토펑크에서 사상 최고가인 8000이더리움에 판매된 작품이 나왔습니다. 요즘...
코알라,코알라 인류 생존·생물다양성 위해 소비자와 '2인 3각','지구를 위한 1%' 회원들과 멸종위기 동물보호 활동을 펼치고 있는 호주 홈퍼니처 기업 코알라 직원들. [사진제공=코알라] [아시아경제 김종화 기자] 폭발적인 인구 및 소비 증가와 급격한 도시화 진행 과도한 자연 이용으로 인해 현재 우리가 사는 세계는 역사상...
코알라,비트코인 오를까 내릴까..이번 주말 가격이 관건 [한경 코알라],사진=뉴스1 2월 11일 한국경제신문의 암호화폐 투자 뉴스레터 '코알라'에 실린 기사입니다. 주 5회 매일 아침 발행하는 코알라를 받아보세요!무료 구독신청 hankyung.com/newsletter 4만 달러 갈림길에 선 비트코인 다음주 향방은? 비트코인이 기나긴 조정 끝에...
코알라,비트코인 선물 ETF 장투하면 손해보는 이유 [한경 코알라],국내 최대 해외 투자정보 플랫폼 “한경 글로벌마켓”에 게재된 기사입니다. 2월 14일 한국경제신문의 암호화폐 투자 뉴스레터 '코알라'에 실린 기사입니다. 주 5회 매일 아침 발행하는 코알라를 받아보세요!무료 구독신청 hankyung.com/newsletter 미국 최초 비트...
코알라,CBDC 나오면 비트코인 더 필요해진다 [한경 코알라],2월 9일 한국경제신문의 암호화폐 투자 뉴스레터 '코알라'에 실린 기사입니다. 주 5회 매일 아침 발행하는 코알라를 받아보세요!무료 구독신청 hankyung.com/newsletter 디지털 위안의 국제무대 데뷔 지난 2월 4일 중국 베이징에서 전 세계인의 축제 2022 동계...
코알라,고팍스도 은행 뚫었다..암호화폐 '5대 거래소' 체제로 [한경 코알라],2월 16일 한국경제신문의 암호화폐 투자 뉴스레터 '코알라'에 실린 기사입니다. 주 5회 매일 아침 발행하는 코알라를 받아보세요!무료 구독신청 hankyung.com/newsletter 암호화폐거래소 고팍스가 15일 전북은행에서 실명확인 입출금계정(실명계좌) 확인서를...
코알라,"비트코인 거래량 아멕스카드 추월" [한경 코알라],NYDIG 2월 11일 한국경제신문의 암호화폐 투자 뉴스레터 '코알라'에 실린 기사입니다. 주 5회 매일 아침 발행하는 코알라를 받아보세요!무료 구독신청 hankyung.com/newsletter 비트코인 거래량이 아메리칸익스프레스를 앞질렀다는 분석이 나왔습니다. 미국 NYDIG는...
코알라,리플 20% 급등.."또 속긴 싫어요" [한경 코알라],showing a stock barometer in Duesseldorf Germany 20 January 2021. 한경DB 2월 8일 한국경제신문의 암호화폐 투자 뉴스레터 '코알라'에 실린 기사입니다. 주 5회 매일 아침 발행하는 코알라를 받아보세요!무료 구독신청 hankyung.com/newsletter 비트코인이...
코알라,비트코인 채굴기업 ETF 상장..서학개미 투자해도 괜찮을까 [한경 코알라],Valkyrie 2월 9일 한국경제신문의 암호화폐 투자 뉴스레터 '코알라'에 실린 기사입니다. 주 5회 매일 아침 발행하는 코알라를 받아보세요!무료 구독신청 hankyung.com/newsletter 이번엔 비트코인 채굴기업 주식을 80% 이상 담는 상장지수펀드(ETF)가 나스닥에 상장...
코알라,반등하나 싶더니 다시 털썩..비트코인 2월엔 어떻게 될까 [한경 코알라],한 암호화폐거래소 고객센터 전광판에 비트코인 시세가 나타나고 있다. 한경DB 2월 4일 한국경제신문의 암호화폐 투자 뉴스레터 '코알라'에 실린 기사입니다. 주 5회 매일 아침 발행하는 코알라를 받아보세요!무료 구독신청 hankyung.com/newsletter 설 연휴 동안...
코알라,코인 현물거래 급감..파생상품 점유율 '역대 최고' [한경 코알라],CryptoCompare 2월 4일 한국경제신문의 암호화폐 투자 뉴스레터 '코알라'에 실린 기사입니다. 주 5회 매일 아침 발행하는 코알라를 받아보세요!무료 구독신청 hankyung.com/newsletter 올 들어 코인시장에서 현물(現物) 거래가 급감하면서 파생상품 거래 비중이...
코알라,인도 코인에 30% 세금..암호화폐 금지 대신 합법화 [한경 코알라],in the parliament in New Delhi India February 1 2022. 로이터연합뉴스 2월 3일 한국경제신문의 암호화폐 투자 뉴스레터 '코알라'에 실린 기사입니다. 주 5회 매일 아침 발행하는 코알라를 받아보세요!무료 구독신청 hankyung.com/newsletter 인도가 중앙은행...
코알라,사장님의 제안 "자네 비트코인으로 월급 받을 생각 있나?" [한경 코알라],NYDIG 2월 7일 한국경제신문의 암호화폐 투자 뉴스레터 '코알라'에 실린 기사입니다. 주 5회 매일 아침 발행하는 코알라를 받아보세요!무료 구독신청 hankyung.com/newsletter 여러분의 일터에서 "월급의 일부를 비트코인으로 주겠다"고 한다면 받아들이시겠어요...
코알라,코알라 이사철 맞이 '새 집 꾸미기 세일' 진행,코알라 새 집 꾸미기 행사 안내 이미지. [사진제공=코알라] [아시아경제 김종화 기자] 호주 홈퍼니처 기업 코알라(Koala)가 새해 이사철을 맞아 17일부터 오는 27일까지 구매 금액이 커질수록 더 큰 할인 혜택을 제공하는 '새 집 꾸미기 세일'을 진행한다. 이번...
코알라,비트코인 투자 멀리 봐야 하는 6가지 근거 [한경 코알라],1월 27일 한국경제신문의 암호화폐 투자 뉴스레터 '코알라'에 실린 기사입니다. 주 5회 매일 아침 발행하는 코알라를 받아보세요!무료 구독신청 hankyung.com/newsletter 미국 뉴욕 증시와 나스닥 다우지수는 물론 암호화폐 대장주 비트코인이 줄줄이 하락세를 이어...
코알라,3개월째 이어지는 비트코인 조정 언제쯤 끝날까 [한경 코알라],빗썸 고객지원센터 전광판에 표시된 비트코인과 암호화폐들 시세. 사진=뉴스1 1월 28일 한국경제신문의 암호화폐 투자 뉴스레터 '코알라'에 실린 기사입니다. 주 5회 매일 아침 발행하는 코알라를 받아보세요!무료 구독신청 hankyung.com/newsletter 비트코인이...
코알라,왜 주식과 비트코인은 함께 떨어질까 [한경 코알라],1월 26일 한국경제신문의 암호화폐 투자 뉴스레터 '코알라'에 실린 기사입니다. 주 5회 매일 아침 발행하는 코알라를 받아보세요!무료 구독신청 hankyung.com/newsletter 비트코인과 주식의 동조화 암호화폐 리서치 기관인 인투더블록(IntotheBlock)에 따르면 현재...
코알라,이준석 "민주당 노무현 참칭하고 코알라 밈으로 희화화",고 밝혔다. 그는 "아무리 급해도 선거에 금도가 있지 돌아가신 전직 대통령을 선거홍보에 참칭하고 그리고 그분을 희화화 하는 코알라 밈을 사용해 영상을 제작한 것은 근절되어야 할 행태"라며 해당 동영상에 노 전 대통령을 비하해온 코알라 이미지가 삽입돼...
코알라,'스캠 코인' 평균 수명 갈수록 짧아지는 이유 [한경 코알라],Chainalysis 1월 26일 한국경제신문의 암호화폐 투자 뉴스레터 '코알라'에 실린 기사입니다. 주 5회 매일 아침 발행하는 코알라를 받아보세요!무료 구독신청 hankyung.com/newsletter 스캠(scam) 코인 수가 급증하는 가운데 이들의 수명은 짧아지고 있습니다. 체이...
코알라,암호화폐 투자 뉴스레터 "한경 코알라" 새단장,한국경제신문의 암호화폐 투자 뉴스레터 ‘코알라’가 새해를 맞아 새단장했습니다. 시세 정보와 최신 속보를 강화하고 투자자들의 눈길을 끄는 흥미로운 화젯거리도 보다 다채롭게 소개합니다. 지난해 5월 첫선을 보인 코알라는 코인 투자 실전에 도움이 될 정보를...
코알라,코알라 신세계몰 입점 기념 대규모 특가 행사,호주 홈퍼니처 기업 코알라가 SSG닷컴 내 신세계몰 입점 기념 대규모 프로모션 진행한다. [사진제공=코알라코리아] [아시아경제 김종화 기자] 호주 홈퍼니처 기업 코알라(Koala)가 SSG닷컴 내 신세계몰 입점을 기념해 오는 16일까지 SSG닷컴 단독 특가 프로모션을...
코알라,정부의 벽은 높았다..'페북 코인' 무산 위기 [한경 코알라],1월 27일 한국경제신문의 암호화폐 투자 뉴스레터 '코알라'에 실린 기사입니다. 주 5회 매일 아침 발행하는 코알라를 받아보세요!무료 구독신청 hankyung.com/newsletter 메타(옛 페이스북)가 주도하는 암호화폐 디엠(Diem) 사업이 좌초 위기에 놓였다고 25일(현지...
코알라,'돌싱글즈2' 김은영 보조개 수술 의혹 부인 "팬들이 코알라 닮았다고",보조개가 한 쪽만 들어간다. 수술한 거 아니다"라고 해명했다. 이후 김은영은 같은 날 일상 사진을 게재하며 "근데 저 팬분들 중 코알라 닮은꼴이라고 하는데 제가 봐도 좀 닮았어요. 출근 싫어요. 그래도 해야겠죠"라는 글을 덧붙였다. 앞서 김은영은 지난해 방영된...
코알라,호주서 토목공사 중 '코알라 대학살' 주범들 재판대 선다,코알라 [EPA=연합뉴스 자료사진 재배포 및 DB 금지] (서울=연합뉴스) 전명훈 기자 = 작년 2월 호주에서 발생한 이른바 '코알라 대학살' 사건의 주범들이 재판에 넘겨지게 됐다고 호주 공영 ABC 방송이 22일(현지시간) 보도했다. 호주 빅토리아주 보존규제국은 이날...
코알라,"양주 먹고 코알라가 무슨 뜻?"..삭제된 양주시 홍보영상 논란,유튜브에 게시됐다가 삭제된 경기 양주시의 홍보동영상 '양주 먹고 코알라'라는 제목의 썸네일 (사진=온라인 커뮤니티 등) © 뉴스1 (양주=뉴스1) 이상휼 기자 = "혹시 양주 먹고 꽐라(만취상태의 사람을 속되게 이르는 말)된다는 뜻일까요?" 경기 양주시가 제작한...
코알라,코인 결제 31%는 '명품 플렉스' [한경 코알라],a cryptocurrency exchange shop in Pristina on January 17 2022. AFP연합뉴스 1월 18일 한국경제신문의 암호화폐 투자 뉴스레터 '코알라'에 실린 기사입니다. 주 5회 매일 아침 발행하는 코알라를 받아보세요!무료 구독신청 hankyung.com/newsletter 암호화폐...
코알라,비트코인 도미넌스 더 떨어져도 1등은 바뀌지 않는다 [한경 코알라],1월 19일 한국경제신문의 암호화폐 투자 뉴스레터 '코알라'에 실린 기사입니다. 주 5회 매일 아침 발행하는 코알라를 받아보세요!무료 구독신청 hankyung.com/newsletter 비트코인 도미넌스란? 요즘 비트코인 도미넌스 지수(Bitcoin dominance index)가 점점...
코알라,암호화폐 투자상품 6주 만에 자금 순유입 [한경 코알라],Coinshares 1월 25일 한국경제신문의 암호화폐 투자 뉴스레터 '코알라'에 실린 기사입니다. 주 5회 매일 아침 발행하는 코알라를 받아보세요!무료 구독신청 hankyung.com/newsletter ETF ETP 뮤추얼펀드 OTC신탁 등 디지털자산 투자상품의 주간 자금 흐름을 분석...
코알라,인간이 미안해..불도저로 '코알라 학살'한 호주 농장주,[서울신문 나우뉴스] 호주의 불법 벌목된 숲에서 발견된 코알라 호주 빅토리아주의 한 토지 소유주와 목재 농장주 등이 100여 건의 동물학대 혐의로 기소됐다. CNN 등 해외 언론의 22일 보도에 따르면 문제의 목재 농장 측은 지난해 초 빅토리아주 케이프...
코알라,업비트 가는 이재명 vs 코인정책 내놓는 윤석열 [한경 코알라],이재명(오른쪽) 윤석열 후보의 탈을 쓴 활동가들의 모습. 연합뉴스 1월 19일 한국경제신문의 암호화폐 투자 뉴스레터 '코알라'에 실린 기사입니다. 주 5회 매일 아침 발행하는 코알라를 받아보세요!무료 구독신청 hankyung.com/newsletter 오늘 여야 대선주자의...
코알라,가구업계 "이색적 공간 특별한 경험 마케팅 집중",코알라를 찾은 관람객들이 뽑기를 하면 즐기고 있다. [사진제공=코알라] [아시아경제 김종화 기자] 가구업계의 경험 마케팅이 소비자들의 좋은 반응을 이끌어 내고 있다. 단순히 유행하는 아이템을 구매하는 것이 아닌 개인의 취향에 맞는 특별한 제품과 경험에 집중...
코알라,갈수록 증시 따라 움직이는 비트코인 [한경 코알라],IMF 1월 17일 한국경제신문의 암호화폐 투자 뉴스레터 '코알라'에 실린 기사입니다. 주 5회 매일 아침 발행하는 코알라를 받아보세요!무료 구독신청 hankyung.com/newsletter 암호화폐가 주가와 비슷하게 움직이는 동조화(coupling) 현상이 심해지고 있다는 외신...
코알라,"비트코인 이번 조정 현 반감기 두 번째로 깊어" [한경 코알라],Glassnode 1월 24일 한국경제신문의 암호화폐 투자 뉴스레터 '코알라'에 실린 기사입니다. 주 5회 매일 아침 발행하는 코알라를 받아보세요!무료 구독신청 hankyung.com/newsletter 비트코인 가격이 이전 최고가(all-time high) 대비 얼마나 떨어졌는지를 표시한...
코알라,코알라 숫자 하나…오퀴즈는 “O천원”,[이코노뉴스=이혜경 기자] ‘코알라’ 관련 오퀴즈 정답이 공개됐다. 포인트 적립 서비스 OK캐쉬백 오퀴즈는 7일 “찜하기 쿠폰 적용시 ○천원 추가 할인 혜택을 받을 수 있습니다”라는 문제를 출제했다. 정답은 '5'이다. 퀴즈 참여는 앱을 통해 할 수 있다...
코알라,수십마리 코알라 학살범 호주서 법정에 선다,부상한 코알라가 2020 년 1월 14일(현지시간) 병원에서 치료를 받고 있다. © AFP=뉴스1 © News1 김지현 기자 (서울=뉴스1) 김지현 기자 = 호주 당국이 지난해 2월 수십 마리의 코알라가 사망한 사건과 관련해 250건 이상의 동물 학대 혐의로 토지 소유자 및 회사 2곳...
코알라,日 '기네스북 최고령' 코알라 25번째 생일 맞아 인간 수명으로 120살 넘어,기네스북 최고령의 기록을 보유하고 있는 일본 동물원의 코알라가 25번째 생일을 맞이했다. 일본 언론에 따르면 효고(兵庫)현 이와지시마(淡路島)의 동물원 '이와지 팜파크 잉글랜드 힐'에서 사육 중인 암컷 코알라 '미도리'는 1일 25번째 생일을 맞이해 사육사...
코알라,'채굴 3위' 러시아 중앙은행 암호화폐 금지 제안 [한경 코알라],1월 21일 한국경제신문의 암호화폐 투자 뉴스레터 '코알라'에 실린 기사입니다. 주 5회 매일 아침 발행하는 코알라를 받아보세요!무료 구독신청 hankyung.com/newsletter 러시아 중앙은행이 20일(현지시간) 보고서에서 암호화폐 채굴·사용을 전면 금지하는 방안을...
코알라,계속 떨어지는 비트코인..'시즌 종료'인가 '개미털기'인가 [한경 코알라],서울 빗썸 강남센터 시세 현황판에 비트코인 가격이 표시되고 있다. 연합뉴스 1월 7일 한국경제신문의 암호화폐 투자 뉴스레터 '코알라'에 실린 기사입니다. 주 5회 매일 아침 발행하는 코알라를 받아보세요!무료 구독신청 hankyung.com/newsletter 비트코인이 지난...
코알라,[수요동물원] "살려주세요" 코알라의 SOS에 인간과 컴퓨터가 출동했다,호주의 토종동물들도 생존의 위협에 직면해있습니다. 첨단 클라우드 기술에 기반해서 코알라 유전자 지도를 만들고 있는 호주의 코알라 연구자 캐롤린 호그 박사가 코알라 옆에서 미소를 짓고 있다. /아마존웹서비스 특히 이 동물이 그렇다고 해요. 호주산 유대류중...
코알라,배당을 비트코인으로 주는 최초의 상장사 [한경 코알라],Nasdaq.com 1월 20일 한국경제신문의 암호화폐 투자 뉴스레터 '코알라'에 실린 기사입니다. 주 5회 매일 아침 발행하는 코알라를 받아보세요!무료 구독신청 hankyung.com/newsletter 미국 나스닥에 상장된 블록체인 기술업체 BTCS의 최근 1개월 주가 그래프입니다...
코알라,바이낸스 창업자 재산 코인 빼고도 115조원 [한경 코알라],cryptocurrency in St Julian's Malta October 4 2018. 로이터연합뉴스 1월 11일 한국경제신문의 암호화폐 투자 뉴스레터 '코알라'에 실린 기사입니다. 주 5회 매일 아침 발행하는 코알라를 받아보세요!무료 구독신청 hankyung.com/newsletter 세계 최대 암호...
코알라,신문사가 '가상자산 지수' 만든 이유 [한경 코알라],한경DB 1월 12일 한국경제신문의 암호화폐 투자 뉴스레터 '코알라'에 실린 기사입니다. 주 5회 매일 아침 발행하는 코알라를 받아보세요!무료 구독신청 hankyung.com/newsletter 한국경제신문이 국내 언론사 최초로 지수 산출기관으로 인정받았습니다. 다음달 8...
코알라,코인값 예측하는 '차트 분석' 믿어야 할까 말아야 할까 [한경 코알라],1월 6일 한국경제신문의 암호화폐 투자 뉴스레터 '코알라'에 실린 기사입니다. 주 5회 매일 아침 발행하는 코알라를 받아보세요!무료 구독신청 hankyung.com/newsletter 기술적 분석이란? SNS에서 비트코인이나 암호화폐를 검색해보면 캔들 차트에 복잡한 선들을...
코알라,코알라 '연말 빅세일'..최고 40% 할인,호주 홈퍼니처 기업 코알라가 올해 마지막 대규모 세일 이벤트 '코알라 연말 빅세일'을 진행한다. [사진제공=코알라코리아] [아시아경제 김종화 기자] 호주 홈퍼니처 기업 코알라가 17일부터 26일까지 최대 40% 할인율로 2021년 대미를 장식할 '코알라 연말 빅세일...
코알라,NFT 관련 가상자산 지금 투자해도 될까? [한경 코알라],▶1월 3일 한국경제신문의 암호화폐 투자 뉴스레터 '코알라'에 실린 기사입니다.주 5회 매일 아침 발행하는 코알라를 받아보세요!무료 구독신청 hankyung.com/newsletter 지난 기고문에서 NFT(Non-Fungible Token·대체 불가능한 토큰)에 대한 관심이 뜨겁다고...
코알라,코알라 호주 소비자 만족도 평가 매트리스·베개 부문 1위 달성,호주 홈퍼니처 기업 코알라가 호주 소비자 만족도 평가 매트리스·베개 부문에서 1위를 차지했다. [사진제공=코알라 코리아] [아시아경제 김종화 기자] 호주 홈퍼니처 기업 코알라(Koala)가 호주 유력 소비자 만족도 조사 기관 '캔스타 블루(Canstar Blue)'가 진행한...
코알라,비트코인은 강하다 제롬 파월이 가격을 결정하지 않는다 [한경 코알라],1월 13일 한국경제신문의 암호화폐 투자 뉴스레터 '코알라'에 실린 기사입니다. 주 5회 매일 아침 발행하는 코알라를 받아보세요!무료 구독신청 hankyung.com/newsletter 칼을 빼든 연준 2022년 희망찬 새해가 밝았지만 암호화폐 시장 분위기는 암울하다. 지난 2년...
코알라,개발자 빨아들이는 이더리움·솔라나..가격 상승 이어지나 [한경 코알라],Forbes Electric Capital 1월 7일 한국경제신문의 암호화폐 투자 뉴스레터 '코알라'에 실린 기사입니다. 주 5회 매일 아침 발행하는 코알라를 받아보세요!무료 구독신청 hankyung.com/newsletter "다음 10년 동안 가치가 오를 암호화폐 플랫폼을 알고 싶다면...
코알라,잭 도시 비트코인 개발자 보호기금 만든다 [한경 코알라],한경DB 1월 13일 한국경제신문의 암호화폐 투자 뉴스레터 '코알라'에 실린 기사입니다. 주 5회 매일 아침 발행하는 코알라를 받아보세요!무료 구독신청 hankyung.com/newsletter 이 남자의 비트코인 사랑 역시 각별합니다. 트위터 창업자로 유명한 잭 도시 블록...
코알라,비트코인 조정 안 끝났다..'페이크 반등' 또 올 수도 [한경 코알라],서초구 반포동 고객지원센터에서 거래 상황을 지켜보고 있다. 신경훈 기자 1월 14일 한국경제신문의 암호화폐 투자 뉴스레터 '코알라'에 실린 기사입니다. 주 5회 매일 아침 발행하는 코알라를 받아보세요!무료 구독신청 hankyung.com/newsletter 비트코인이 지난...
코알라,북한 지난해 암호화폐 4억弗 해킹..절반은 이더리움 [한경 코알라],Chainalysis 1월 14일 한국경제신문의 암호화폐 투자 뉴스레터 '코알라'에 실린 기사입니다. 주 5회 매일 아침 발행하는 코알라를 받아보세요!무료 구독신청 hankyung.com/newsletter 북한이 지난해 3억9500만달러(약 4700억원) 규모의 암호화폐를 해킹한 것으로...
코알라,암호화폐 금지국은 몇 개일까 [한경 코알라],The Law Library of Congress 1월 6일 한국경제신문의 암호화폐 투자 뉴스레터 '코알라'에 실린 기사입니다. 주 5회 매일 아침 발행하는 코알라를 받아보세요!무료 구독신청 hankyung.com/newsletter '암호화폐 때려잡기'에 나선 나라들이 세계지도 위에 표시돼...
코알라,코알라 대신 이 색깔과 무늬..내가 몰랐던 '호주'의 재발견,레너드 워커의 ‘쿨유루’. 한국에서 ‘호주’ 하면 떠오르는 이미지는 단편적이다. 캥거루 코알라 오페라하우스 양모 정도일까. 서울시립미술관 서소문 본관에서 열리는 ‘경로를 재탐색합니다 UN/LEARNING AUSTRALIA’ 전은 이런 이미지를 깨고 ‘진짜 호주’를...
코알라,[위클리中企]코알라·밀워키·코멕스산업·스튜디오미콘,호주 홈퍼니처 기업 코알라가 대규모 프로모션 이벤트 ‘코알라 세일 페스타’를 진행한다. [사진제공=코알라 코리아] [아시아경제 김종화 기자] 호주 홈퍼니처 기업 코알라(Koala)가 오는 29일까지 다양한 스테디 셀러 제품들을 역대 최고 할인율로 선보이는 대규모...
코알라,김혜수 절친 이정은 등에 업힌 코알라..이렇게 귀엽기 있나요,(엑스포츠뉴스 이창규 기자) 배우 김혜수가 절친 이정은과의 비하인드샷을 공개했다. 14일 오후 김혜수는 자신의 인스타그램에 "#소년심판 #나근희 #심은석"이라는 글과 함께 사진을 게재했다. 공개된 사진 속 김혜수는 이정은의 등에 업힌 채 매달려 포즈를 취한...
코알라,비싸도 갖고 싶은..'럭셔리 브랜드'는 암호화폐에도 있다 [한경 코알라],▶12월 30일 한국경제신문의 암호화폐 투자 뉴스레터 '코알라'에 실린 기사입니다.주 5회 매일 아침 발행하는 코알라를 받아보세요!무료 구독신청 hankyung.com/newsletter 새벽 5시에 줄을 서야 살 수 있는 가방 얼마 전 친한 후배의 결혼식에 하객으로 참석했다...
코알라,트럼프는 사기랬는데..멜라니아 비트코인 지지자 됐나 [한경 코알라],트위터 @MELANIATRUMP 1월 5일 한국경제신문의 암호화폐 투자 뉴스레터 '코알라'에 실린 기사입니다. 주 5회 매일 아침 발행하는 코알라를 받아보세요!무료 구독신청 hankyung.com/newsletter 도널드 트럼프의 부인 멜라니아 트럼프가 3일(현지시간) 남긴 트윗...
코알라,'카자흐 사태' 유탄 맞은 비트코인 해시레이트 현재 상황은? [한경 코알라],Blockchain.com 1월 10일 한국경제신문의 암호화폐 투자 뉴스레터 '코알라'에 실린 기사입니다. 주 5회 매일 아침 발행하는 코알라를 받아보세요!무료 구독신청 hankyung.com/newsletter 최근 1년간 비트코인 해시레이트(hash rate) 그래프입니다. 블록체인닷컴에...
코알라,'방역 요새' 호주 2년만에 외국인 관광객 입국 허용(종합),코알라·캥거루 인형 들고 '입국 환영' (시드니 AFP=연합뉴스) 21일(현지시간) 호주 시드니 국제공항에서 코알라와 캥거루 인형을 든 이들이 입국자들을 환영하고 있다. 2022.2.21. photo@yna.co.kr (서울=연합뉴스) 백나리 기자 = 2년간의 강력한 입국 제한 조치로...
코알라,비트코인아 13번째 생일 축하해! [한경 코알라],ArtSwallow 1월 4일 한국경제신문의 암호화폐 투자 뉴스레터 '코알라'에 실린 기사입니다. 주 5회 매일 아침 발행하는 코알라를 받아보세요!무료 구독신청 hankyung.com/newsletter 비트코인이 13번째 생일을 맞은 것 알고 계셨나요? 미국 동부시간 기준 2009...
코알라,"짝짓기하다 성병 죽거나 불임"..호주 코알라 2050년 멸종위기,© News1 우동명 기자 (서울=뉴스1) 최서영 기자 = 호주의 대표적 동물 코알라가 산불과 성병 등으로 오는 2050년 멸종위기에 처할 것이란 분석이 나오고 있다. 지난 27일(현지시간) 외신에 따르면 최근 호주 일부 지역에 서식하는 코알라 사이에서 치명적인 성병...
코알라,NFT는 가상자산인가요? [한경 코알라],▶12월 7일 한국경제신문의 암호화폐 투자 뉴스레터 '코알라'에 실린 기사입니다.주 5회 매일 아침 발행하는 코알라를 받아보세요!무료 구독신청 hankyung.com/newsletter NFT(Non-Fungible Token·대체불가능토큰)가 그야말로 ‘핫(hot)’하다. 최근 만큼 NFT에...
코알라,호주 홈퍼니처 기업 '코알라' 고품질 수면 위한 '코알라 매트리스' 제안,호주를 대표하는 가구 브랜드 '코알라(Koala)'가 소비자 취향에 따라 양면으로 매트리스 경도를 선택할 수 있는 '코알라 매트리스'를 출시했다. 코알라는 호주의 자연에서 영감을 받은 소재와 색상을 바탕으로 편안함과 실용성을 강조한 홈퍼니처 기업으로 지난 7월...
코알라,[지구촌 Talk] 숟가락으로 음식 먹는 코알라 화제,숟가락은 더 이상 인간의 전유물이 아닙니다. 호주의 동물보호소에서 코알라가 숟가락을 이용해 음식을 먹는 모습이 포착돼 화제입니다. 최근 발바닥 부상을 입은 채 발견돼 보호소에 오게 된 수컷 코알라 '프랭클린'인데요. 사육사가 먹이통을 내밀자 입을 대고...
코알라,기후변화에 터전 잃고 '성병' 퍼져 불임까지..코알라의 비극,불임을 야기하는 전염병 클라미디아 걸린 코알라 [로이터 연합뉴스 자료사진. 재판매 및 DB 금지] (서울=연합뉴스) 이의진 기자 = 최근 기후 변화와 환경 파괴로 멸종 위기에 처한 호주의 코알라 사이에 치명적 성병이 확산해 종의 존속이 위협받고 있다고 미국 CNN...
코알라,[자막뉴스] '치명적 성병' 유행..'멸종 위기' 처한 코알라,호주 멜버른 거리 한복 판에 해골 형상의 거대한 코알라가 등장했습니다. 고통스러운 듯 신음을 토해냅니다. 해골 옷을 입은 시위대는 코알라가 죽어가고 있다며 기후문제 해결을 촉구했습니다. 호주의 코알라는 도시화로 보금자리를 잃고 기후위기로 산불이 자주...
코알라,호주 코알라 성병 감염률 85%..백신 효과 없으면 멸종,지난 2019년 호주 산불 당시 화재로 부상을 입은 코알라가 야전 병원에서 치료를 받고 있다. /사진=AFP/뉴스1 호주의 상징적인 동물 코알라 사이에서 '성병'이 퍼지면서 산불 등 서식지 파괴에 더해 개체 존속에 위협을 받고 있다. 7일(현지시간) 미국 CNN에 따르면...
코알라,비트코인 1억 간다더니..플랜비 예상 틀린 이유 [한경 코알라],사진=뉴스1 ▶12월 15일 한국경제신문의 암호화폐 투자 뉴스레터 '코알라'에 실린 기사입니다.주 5회 매일 아침 발행하는 코알라를 받아보세요!무료 구독신청 hankyung.com/newsletter 11월에 1억 간다더니? 비트코인 가격을 기술적 분석을 통해 예측하는 것으로...
코알라,"이더리움이 비트코인 넘어서는 일은 없을 것" [한경 코알라],경신한 지난달 9일 한 암호화폐거래소의 시세판 모습. 김영우 기자 ▶12월 20일 한국경제신문의 암호화폐 투자 뉴스레터 '코알라'에 실린 기사입니다.주 5회 매일 아침 발행하는 코알라를 받아보세요!무료 구독신청 hankyung.com/newsletter 암호화폐거래소 코빗이...
코알라,"NFT는 일반적으로 가상자산 아니다"는 금융위의 입장 무슨 의미일까? [한경 코알라],▶12월 23일 한국경제신문의 암호화폐 투자 뉴스레터 '코알라'에 실린 기사입니다.주 5회 매일 아침 발행하는 코알라를 받아보세요!무료 구독신청 hankyung.com/newsletter NFT(대체불가능토큰)에 관심을 갖고 계신 분들은 이미 알고 있겠지만 NFT가 특정금융정보...
코알라,코알라 다용도 '쿠쉬 소파베드 스툴' 출시,호주 홈퍼니처 기업 코알라가 출시한 편리함과 수납력 갖춘 다용도 '쿠쉬 소파베드 스툴'. [사진제공=코알라코리아] [아시아경제 김종화 기자] 코알라(Koala)가 디자인과 편안함 그리고 실용성을 모두 갖춘 '쿠쉬 소파베드 스툴' 4종을 출시했다. 코알라 쿠쉬 소파...
코알라,비트코인을 탐탁지 않아 하는 부모님을 설득하는 법 [한경 코알라],▶12월 22일 한국경제신문의 암호화폐 투자 뉴스레터 '코알라'에 실린 기사입니다.주 5회 매일 아침 발행하는 코알라를 받아보세요!무료 구독신청 hankyung.com/newsletter 결전의 날이 다가온다 이제 며칠 있으면 크리스마스다. 우리나라는 크리스마스를 따로 국가...
코알라,기후변화 '산불' 엎친데 '성병' 덮쳐..멸종 위협 받는 코알라,불임을 야기하는 전염병 클라미디아에 걸린 코알라 / 사진 = 연합뉴스 현지시간으로 오늘(7일) 미국 CNN방송에서는 호주의 코알라 사이에서 최근 기후 변화와 환경 파괴로 멸종 위기에 처하며 치명적 성병까지 확산해 종의 존속이 위협받고 있다고 보도했습니다...
코알라,2년 만에 공항 문 활짝 연 호주..세계 각국 속속 개방,순간입니다. 공항은 축제 분위기였습니다. 승객들은 저마다 꽃을 받아들었고 관광청에서는 호주의 특산품 베지마이트 잼과 코알라 인형을 들고 나와 이들을 환영했습니다. 오랜만에 상봉한 가족들은 오랫동안 서로를 껴안은 채 눈물을 흘렸고 [수 위튼/영국인...
코알라,유럽·호주·동남아 잇단 국경 개방..봄엔 갈 수 있을까,국경을 여는 나라가 늘고 있다. 호주는 이달 21일부터 백신 접종 외국인에게 무격리 입국을 허용했다. 시드니 공항에서 캥거루 코알라 인형을 건네며 방문객을 맞는 모습. [AFP=연합뉴스] 국경을 여는 나라가 늘고 있다. 한국과 달리 코로나 확산세가 꺾인 나라들...
코알라,워터파크인 줄..베이징 선수촌 누수 논란|AI가 Pick한 세상,춤을 추면서 해산 시도는 물거품이 됐습니다. 지금 시위대에게 필요한 건 노래가 아닌 대화가 아닐까요? ■ 호주 마스코트 코알라 멸종위기종 지정 보송한 회색털에 앙증맞은 발. 누구의 발일까요? 바로 호주를 상징하는 코알라입니다. 이 귀여운 코알라가 멸종...
코알라,[전의찬의 탄소중립 특강(4)] 기후가 뿔났다/탄소중립위원회 기후변화위원장,6개월간 지속되면서 서울 면적의 80배나 되는 산림을 불태웠다. 이 산불로 10만명 이상의 이재민이 발생했고 고유종인 코알라의 3분의1이 죽었다. 지난해 미국 북서부는 50도 가까운 기록적인 폭염으로 큰 피해를 봤다. 2011~2020년 연평균 산불 발생 면적은 3만㎢...
코알라,코알라 '굿잠' 캠페인 통해 코알라 매트리스만의 기술 소개,코알라가 샘공개한 '굿잠의 기술' 캠페인 영상. [사진제공=코알라코리아] [아시아경제 김종화 기자] 호주 홈퍼니처 기업 '코알라'가 호주 출신 방송인 샘 해밍턴과 함께한 '굿잠의 기술' 캠페인 영상을 공개했다. 굿잠의 기술 캠페인은 코알라가 지속해 온 수면 연구...
코알라,기후변화에 성병까지 확산.."코알라 멸종할 수도",[한국경제TV 김현경 기자] 최근 기후 변화와 환경 파괴로 멸종 위기에 처한 호주의 코알라 사이에서 치명적 성병이 확산하고 있다. 7일(현지시간) 미국 CNN방송에 따르면 최근 몇 년 사이 호주 일부 지역에서 코알라에 치명적 성병인 '클라미디아(Chlamydia) '가...
코알라,디지털 세상에서 '세계 최고층 빌딩의 저주'가 일어날까 [한경 코알라],▶12월 1일 한국경제신문의 암호화폐 투자 뉴스레터 '코알라'에 실린 기사입니다.주 5회 매일 아침 발행하는 코알라를 받아보세요!무료 구독신청 hankyung.com/newsletter 예상치 못한 물가상승 미제스에서 시작해 하이에크를 거쳐 계승 발전되어 온 오스트리아...
코알라,성병 퍼져 불임 산불·가뭄에 살 곳 없어진다..코알라의 눈물,지난해 호주 캥거루 아일랜드 파르다나에 있는 야생동물공원 비상대응센터에 부상당한 코알라가 앉아 있다. 로이터=연합뉴스 호주를 상징하는 동물 중 하나인 코알라가 최근 기후변화와 환경파괴로 서식지를 잃어가는 데 더해 치명적 성병이 확산해 종의 존속에...
